Workbook

Sheet Start Here
A1: SEO Accountability & Results Tracker
A2: Shared tracker for crownseoagency.com + badassbacklinks.com • 3 partners
A5: HOW THIS WORKBOOK WORKS
A6: • Every tab is a shared log. Fill in the yellow cells; the grey/white cells calculate themselves.
A7: • Hold ONE 30-minute check-in per week. Walk the 'Weekly Scorecard' tab together, then update it live.
A9: THE TABS
A10: 1. Targets & Goals | C10: Set monthly targets per site; 'Actual' auto-pulls from the Results Dashboard so you see On track / Close / Behind at a glance.
A11: 2. Weekly Scorecard | C11: Each partner commits to 1-3 goals per week, then marks Done / Partial / Missed. This is the accountability engine.
A12: 3. Activity Log | C12: Daily record of what each person actually did — task, site, time spent, proof link.
A13: 4. Outreach Pipeline | C13: Link-building funnel: prospect > contacted > replied > negotiating > won/lost. Won links graduate to the Backlinks tab.
A14: 5. Backlinks | C14: Every link built or earned: source, DR, anchor, dofollow/nofollow, who built it, live status.
A15: 6. Keyword Rankings | C15: Track target keywords: start position vs current position, so movement is visible.
A16: 7. On-Page SEO | C16: Per-page optimization checklist (title, meta, H1, internal links, alt, schema...) with an auto optimization score.
A17: 8. Content | C17: Every article/page: target keyword, author, word count, publish status, URL.
A18: 9. Content Distribution | C18: Where each piece gets shared and repurposed — channel, format, owner, status. One post becomes ten touchpoints.
A19: 10. Results Dashboard | C19: Monthly outcomes per site — clicks, impressions, live backlinks, top-10 keywords, leads.
A21: LEGEND
A22: Yellow cell = you type here
A23: White / grey cell = auto-calculated — do not overwrite
A25: SETUP (do this once)
A26: • Rename 'Partner 1/2/3' to your real names — use Find & Replace across the whole workbook.
A27: • Agree on the weekly check-in day/time and put it here:
A28: e.g. Every Monday, 10:00am on Zoom

Sheet Targets & Goals
A1: Targets & Goals
A2: Set the target; 'Actual' auto-pulls from the Results Dashboard for the reporting month below.
A4: Reporting Month: | B4: 2026-08 | C4: type as YYYY-MM to match the Results Dashboard
A6: Site | B6: Metric | C6: Target | D6: Actual (this month) | E6: Status | F6: Gap | G6: Owner
A7: crownseoagency.com | B7: Organic Clicks | C7: 700 | D7: =SUMIFS('Results Dashboard'!$C$5:$C$70,'Results Dashboard'!$B$5:$B$70,$A7,'Results Dashboard'!$A$5:$A$70,$B$4) | E7: =IF(C7="","Set target",IF(D7>=C7,"On track",IF(D7>=0.8*C7,"Close","Behind"))) | F7: =IF(C7="","",D7-C7)
A8: crownseoagency.com | B8: Impressions | C8: 22000 | D8: =SUMIFS('Results Dashboard'!$D$5:$D$70,'Results Dashboard'!$B$5:$B$70,$A8,'Results Dashboard'!$A$5:$A$70,$B$4) | E8: =IF(C8="","Set target",IF(D8>=C8,"On track",IF(D8>=0.8*C8,"Close","Behind"))) | F8: =IF(C8="","",D8-C8)
A9: crownseoagency.com | B9: Avg Position | C9: 15 | D9: =SUMIFS('Results Dashboard'!$E$5:$E$70,'Results Dashboard'!$B$5:$B$70,$A9,'Results Dashboard'!$A$5:$A$70,$B$4) | E9: =IF(C9="","Set target",IF(AND(D9>0,D9<=C9),"On track",IF(AND(D9>0,D9<=1.2*C9),"Close","Behind"))) | F9: =IF(C9="","",C9-D9)
A10: crownseoagency.com | B10: Live Backlinks | C10: 45 | D10: =SUMIFS('Results Dashboard'!$F$5:$F$70,'Results Dashboard'!$B$5:$B$70,$A10,'Results Dashboard'!$A$5:$A$70,$B$4) | E10: =IF(C10="","Set target",IF(D10>=C10,"On track",IF(D10>=0.8*C10,"Close","Behind"))) | F10: =IF(C10="","",D10-C10)
A11: crownseoagency.com | B11: Keywords Top 10 | C11: 12 | D11: =SUMIFS('Results Dashboard'!$G$5:$G$70,'Results Dashboard'!$B$5:$B$70,$A11,'Results Dashboard'!$A$5:$A$70,$B$4) | E11: =IF(C11="","Set target",IF(D11>=C11,"On track",IF(D11>=0.8*C11,"Close","Behind"))) | F11: =IF(C11="","",D11-C11)
A12: crownseoagency.com | B12: Leads / Conversions | C12: 15 | D12: =SUMIFS('Results Dashboard'!$H$5:$H$70,'Results Dashboard'!$B$5:$B$70,$A12,'Results Dashboard'!$A$5:$A$70,$B$4) | E12: =IF(C12="","Set target",IF(D12>=C12,"On track",IF(D12>=0.8*C12,"Close","Behind"))) | F12: =IF(C12="","",D12-C12)
A13: badassbacklinks.com | B13: Organic Clicks | D13: =SUMIFS('Results Dashboard'!$C$5:$C$70,'Results Dashboard'!$B$5:$B$70,$A13,'Results Dashboard'!$A$5:$A$70,$B$4) | E13: =IF(C13="","Set target",IF(D13>=C13,"On track",IF(D13>=0.8*C13,"Close","Behind"))) | F13: =IF(C13="","",D13-C13)
A14: badassbacklinks.com | B14: Impressions | D14: =SUMIFS('Results Dashboard'!$D$5:$D$70,'Results Dashboard'!$B$5:$B$70,$A14,'Results Dashboard'!$A$5:$A$70,$B$4) | E14: =IF(C14="","Set target",IF(D14>=C14,"On track",IF(D14>=0.8*C14,"Close","Behind"))) | F14: =IF(C14="","",D14-C14)
A15: badassbacklinks.com | B15: Avg Position | D15: =SUMIFS('Results Dashboard'!$E$5:$E$70,'Results Dashboard'!$B$5:$B$70,$A15,'Results Dashboard'!$A$5:$A$70,$B$4) | E15: =IF(C15="","Set target",IF(AND(D15>0,D15<=C15),"On track",IF(AND(D15>0,D15<=1.2*C15),"Close","Behind"))) | F15: =IF(C15="","",C15-D15)
A16: badassbacklinks.com | B16: Live Backlinks | D16: =SUMIFS('Results Dashboard'!$F$5:$F$70,'Results Dashboard'!$B$5:$B$70,$A16,'Results Dashboard'!$A$5:$A$70,$B$4) | E16: =IF(C16="","Set target",IF(D16>=C16,"On track",IF(D16>=0.8*C16,"Close","Behind"))) | F16: =IF(C16="","",D16-C16)
A17: badassbacklinks.com | B17: Keywords Top 10 | D17: =SUMIFS('Results Dashboard'!$G$5:$G$70,'Results Dashboard'!$B$5:$B$70,$A17,'Results Dashboard'!$A$5:$A$70,$B$4) | E17: =IF(C17="","Set target",IF(D17>=C17,"On track",IF(D17>=0.8*C17,"Close","Behind"))) | F17: =IF(C17="","",D17-C17)
A18: badassbacklinks.com | B18: Leads / Conversions | D18: =SUMIFS('Results Dashboard'!$H$5:$H$70,'Results Dashboard'!$B$5:$B$70,$A18,'Results Dashboard'!$A$5:$A$70,$B$4) | E18: =IF(C18="","Set target",IF(D18>=C18,"On track",IF(D18>=0.8*C18,"Close","Behind"))) | F18: =IF(C18="","",D18-C18)
A20: On track = met target • Close = within ~20% • Behind = further off. Avg Position is judged in reverse (lower is better).

Sheet Weekly Scorecard
A1: Weekly Scorecard
A2: Each partner sets 1-3 commitments per week, then grades them at the next check-in.
A4: Week Starting | B4: Partner | C4: Site | D4: Commitment (what you'll get done) | E4: Target / Metric | F4: Status | G4: Actual Outcome | H4: Notes / Blockers | J4: COMPLETION RATE
A5: 2026-08-17 | B5: Partner 1 | C5: crownseoagency.com | D5: Publish 2 blog posts targeting 'local SEO' cluster | E5: 2 posts live | F5: Done | G5: Both live, indexed in 3 days | H5: — | J5: Partner | K5: Done | L5: Partial | M5: Missed | N5: Score %
A6: 2026-08-17 | B6: Partner 2 | C6: badassbacklinks.com | D6: Land 3 guest-post backlinks DR40+ | E6: 3 dofollow links | F6: Partial | G6: 2 secured, 1 in draft | H6: Outreach reply slow | J6: Partner 1 | K6: =COUNTIFS($B$5:$B$54,J6,$F$5:$F$54,"Done") | L6: =COUNTIFS($B$5:$B$54,J6,$F$5:$F$54,"Partial") | M6: =COUNTIFS($B$5:$B$54,J6,$F$5:$F$54,"Missed") | N6: =IFERROR((K6+0.5*L6)/(K6+L6+M6),"")
A7: 2026-08-17 | B7: Partner 3 | C7: Both | D7: Fix all technical audit errors (Screaming Frog) | E7: 0 critical errors | F7: Missed | G7: Ran out of time | H7: Rolls to next week | J7: Partner 2 | K7: =COUNTIFS($B$5:$B$54,J7,$F$5:$F$54,"Done") | L7: =COUNTIFS($B$5:$B$54,J7,$F$5:$F$54,"Partial") | M7: =COUNTIFS($B$5:$B$54,J7,$F$5:$F$54,"Missed") | N7: =IFERROR((K7+0.5*L7)/(K7+L7+M7),"")
J8: Partner 3 | K8: =COUNTIFS($B$5:$B$54,J8,$F$5:$F$54,"Done") | L8: =COUNTIFS($B$5:$B$54,J8,$F$5:$F$54,"Partial") | M8: =COUNTIFS($B$5:$B$54,J8,$F$5:$F$54,"Missed") | N8: =IFERROR((K8+0.5*L8)/(K8+L8+M8),"")
J10: Score = (Done + ½·Partial) ÷ total commitments

Sheet Activity Log
A1: Activity Log
A2: Daily record of work done. Log it the day you do it — memory fades fast.
A4: Date | B4: Partner | C4: Site | D4: Category | E4: Task Description | F4: Time (hrs) | G4: Status | H4: Proof / Link | J4: HOURS LOGGED
A5: 2026-08-14 | B5: Partner 1 | C5: crownseoagency.com | D5: Content | E5: Wrote + published 'Local SEO checklist' post | F5: 3.5 | G5: Complete | H5: https://... | J5: Partner | K5: Total hrs | L5: Tasks
A6: 2026-08-14 | B6: Partner 2 | C6: badassbacklinks.com | D6: Link Building | E6: Outreach to 15 prospects for guest posts | F6: 2 | G6: In Progress | H6: sheet link | J6: Partner 1 | K6: =SUMIFS($F$5:$F$104,$B$5:$B$104,J6) | L6: =COUNTIFS($B$5:$B$104,J6)
A7: 2026-08-15 | B7: Partner 3 | C7: crownseoagency.com | D7: Technical | E7: Fixed 12 broken internal links | F7: 1.5 | G7: Complete | H7: audit export | J7: Partner 2 | K7: =SUMIFS($F$5:$F$104,$B$5:$B$104,J7) | L7: =COUNTIFS($B$5:$B$104,J7)
J8: Partner 3 | K8: =SUMIFS($F$5:$F$104,$B$5:$B$104,J8) | L8: =COUNTIFS($B$5:$B$104,J8)
J9: TOTAL | K9: =SUM(K6:K8) | L9: =SUM(L6:L8)

Sheet Outreach Pipeline
A1: Outreach Pipeline
A2: The link-building funnel. When Status = Won, add the link to the Backlinks tab.
A4: Date Added | B4: Site | C4: Prospect Domain | D4: DR/DA | E4: Contact (name / email) | F4: Method | G4: Status | H4: Follow-up Date | I4: Est. Cost ($) | J4: Owner | K4: Notes | M4: PIPELINE FUNNEL
A5: 2026-08-11 | B5: badassbacklinks.com | C5: authorityblog.com | D5: 58 | E5: editor@authorityblog.com | F5: Guest Post | G5: Negotiating | H5: 2026-08-19 | I5: 150 | J5: Partner 2 | K5: Wants 2 links/mo deal | M5: Stage | N5: Count
A6: 2026-08-12 | B6: crownseoagency.com | C6: localmarketing.net | D6: 44 | E6: Jane (contact form) | F6: Niche Edit | G6: Replied | H6: 2026-08-18 | I6: 90 | J6: Partner 1 | K6: Open to insert | M6: Not Contacted | N6: =COUNTIF($G$5:$G$104,"Not Contacted")
A7: 2026-08-13 | B7: badassbacklinks.com | C7: seoroundup.com | D7: 61 | E7: team@seoroundup.com | F7: Digital PR | G7: Contacted | H7: 2026-08-20 | I7: 0 | J7: Partner 3 | K7: Sent data study pitch | M7: Contacted | N7: =COUNTIF($G$5:$G$104,"Contacted")
M8: Replied | N8: =COUNTIF($G$5:$G$104,"Replied")
M9: Negotiating | N9: =COUNTIF($G$5:$G$104,"Negotiating")
M10: Won | N10: =COUNTIF($G$5:$G$104,"Won")
M11: Lost | N11: =COUNTIF($G$5:$G$104,"Lost")
M13: Win rate | N13: =IFERROR(N10/(N10+N11),"")
M14: Win rate = Won / (Won + Lost)

Sheet Backlinks
A1: Backlinks Tracker
A2: Every link built or earned. 'Status = Live' is what actually counts.
A4: Date | B4: Site | C4: Target URL (yours) | D4: Source Domain | E4: DR / DA | F4: Anchor Text | G4: Type | H4: Method | I4: Built By | J4: Cost ($) | K4: Status | M4: LINK SUMMARY
A5: 2026-08-10 | B5: badassbacklinks.com | C5: /services | D5: nichesite.com | E5: 52 | F5: backlink services | G5: Dofollow | H5: Guest Post | I5: Partner 2 | J5: 0 | K5: Live | M5: Site | N5: Live | O5: Dofollow (live) | P5: Spend $
A6: 2026-08-12 | B6: crownseoagency.com | C6: / | D6: marketingblog.com | E6: 41 | F6: SEO agency | G6: Dofollow | H6: Outreach | I6: Partner 1 | J6: 120 | K6: Pending | M6: crownseoagency.com | N6: =COUNTIFS($B$5:$B$104,M6,$K$5:$K$104,"Live") | O6: =COUNTIFS($B$5:$B$104,M6,$K$5:$K$104,"Live",$G$5:$G$104,"Dofollow") | P6: =SUMIFS($J$5:$J$104,$B$5:$B$104,M6)
A7: 2026-08-13 | B7: crownseoagency.com | C7: /blog/local-seo | D7: directory.io | E7: 30 | F7: crownseoagency | G7: Nofollow | H7: Directory | I7: Partner 3 | J7: 0 | K7: Live | M7: badassbacklinks.com | N7: =COUNTIFS($B$5:$B$104,M7,$K$5:$K$104,"Live") | O7: =COUNTIFS($B$5:$B$104,M7,$K$5:$K$104,"Live",$G$5:$G$104,"Dofollow") | P7: =SUMIFS($J$5:$J$104,$B$5:$B$104,M7)

Sheet Keyword Rankings
A1: Keyword Rankings
A2: Positive 'Change' = you moved UP. Update positions on the same day each week.
A4: Site | B4: Keyword | C4: Target URL | D4: Volume | E4: Difficulty | F4: Start Pos. | G4: Current Pos. | H4: Change | I4: Date Checked | J4: Owner | L4: RANKING SUMMARY
A5: crownseoagency.com | B5: local seo agency | C5: / | D5: 1300 | E5: 45 | F5: 28 | G5: 14 | H5: =IF(AND(ISNUMBER(F5),ISNUMBER(G5)),F5-G5,"") | I5: 2026-08-14 | J5: Partner 1 | L5: Site | M5: Tracked | N5: Top 10 | O5: Top 3 | P5: Avg Pos.
A6: badassbacklinks.com | B6: buy backlinks | C6: /services | D6: 2400 | E6: 68 | F6: 55 | G6: 39 | H6: =IF(AND(ISNUMBER(F6),ISNUMBER(G6)),F6-G6,"") | I6: 2026-08-14 | J6: Partner 2 | L6: crownseoagency.com | M6: =COUNTIFS($A$5:$A$104,L6,$G$5:$G$104,">0") | N6: =COUNTIFS($A$5:$A$104,L6,$G$5:$G$104,"<=10",$G$5:$G$104,">0") | O6: =COUNTIFS($A$5:$A$104,L6,$G$5:$G$104,"<=3",$G$5:$G$104,">0") | P6: =IFERROR(AVERAGEIFS($G$5:$G$104,$A$5:$A$104,L6,$G$5:$G$104,">0"),"")
A7: crownseoagency.com | B7: small business seo | C7: /blog/local-seo | D7: 880 | E7: 38 | F7: 40 | G7: 22 | H7: =IF(AND(ISNUMBER(F7),ISNUMBER(G7)),F7-G7,"") | I7: 2026-08-14 | J7: Partner 3 | L7: badassbacklinks.com | M7: =COUNTIFS($A$5:$A$104,L7,$G$5:$G$104,">0") | N7: =COUNTIFS($A$5:$A$104,L7,$G$5:$G$104,"<=10",$G$5:$G$104,">0") | O7: =COUNTIFS($A$5:$A$104,L7,$G$5:$G$104,"<=3",$G$5:$G$104,">0") | P7: =IFERROR(AVERAGEIFS($G$5:$G$104,$A$5:$A$104,L7,$G$5:$G$104,">0"),"")
H8: =IF(AND(ISNUMBER(F8),ISNUMBER(G8)),F8-G8,"")
H9: =IF(AND(ISNUMBER(F9),ISNUMBER(G9)),F9-G9,"")
H10: =IF(AND(ISNUMBER(F10),ISNUMBER(G10)),F10-G10,"")
H11: =IF(AND(ISNUMBER(F11),ISNUMBER(G11)),F11-G11,"")
H12: =IF(AND(ISNUMBER(F12),ISNUMBER(G12)),F12-G12,"")
H13: =IF(AND(ISNUMBER(F13),ISNUMBER(G13)),F13-G13,"")
H14: =IF(AND(ISNUMBER(F14),ISNUMBER(G14)),F14-G14,"")
H15: =IF(AND(ISNUMBER(F15),ISNUMBER(G15)),F15-G15,"")
H16: =IF(AND(ISNUMBER(F16),ISNUMBER(G16)),F16-G16,"")
H17: =IF(AND(ISNUMBER(F17),ISNUMBER(G17)),F17-G17,"")
H18: =IF(AND(ISNUMBER(F18),ISNUMBER(G18)),F18-G18,"")
H19: =IF(AND(ISNUMBER(F19),ISNUMBER(G19)),F19-G19,"")
... H104: =IF(AND(ISNUMBER(F104),ISNUMBER(G104)),F104-G104,"")

Sheet On-Page SEO
A1: On-Page SEO
A2: One row per page. Mark each check Yes/No — the Score column tallies it automatically.
A4: Site | B4: Page / URL | C4: Target Keyword | D4: Title Optimized | E4: Meta Description | F4: H1 w/ Keyword | G4: Internal Links | H4: Image Alt Text | I4: Schema Markup | J4: Keyword in URL | K4: Word Count | L4: Score | M4: Owner | N4: Status
A5: crownseoagency.com | B5: /blog/local-seo | C5: local seo checklist | D5: Yes | E5: Yes | F5: Yes | G5: Yes | H5: No | I5: No | J5: Yes | K5: 1800 | L5: =COUNTIF(D5:J5,"Yes")/7
A6: badassbacklinks.com | B6: /services | C6: buy backlinks | D6: Yes | E6: No | F6: Yes | G6: Yes | H6: Yes | I6: No | J6: No | K6: 1200 | L6: =COUNTIF(D6:J6,"Yes")/7
A7: crownseoagency.com | B7: / | C7: local seo agency | D7: Yes | E7: Yes | F7: No | G7: Yes | H7: Yes | I7: Yes | J7: No | K7: 900 | L7: =COUNTIF(D7:J7,"Yes")/7
L8: =COUNTIF(D8:J8,"Yes")/7
L9: =COUNTIF(D9:J9,"Yes")/7
L10: =COUNTIF(D10:J10,"Yes")/7
L11: =COUNTIF(D11:J11,"Yes")/7
L12: =COUNTIF(D12:J12,"Yes")/7
L13: =COUNTIF(D13:J13,"Yes")/7
L14: =COUNTIF(D14:J14,"Yes")/7
L15: =COUNTIF(D15:J15,"Yes")/7
L16: =COUNTIF(D16:J16,"Yes")/7
L17: =COUNTIF(D17:J17,"Yes")/7
L18: =COUNTIF(D18:J18,"Yes")/7
L19: =COUNTIF(D19:J19,"Yes")/7
... L104: =COUNTIF(D104:J104,"Yes")/7

Sheet Content
A1: Content Tracker
A2: Every page and post — from idea to published.
A4: Site | B4: Title | C4: Target Keyword | D4: Type | E4: Word Count | F4: Author | G4: Status | H4: Publish Date | I4: URL | K4: CONTENT SUMMARY
A5: crownseoagency.com | B5: The 2026 Local SEO Checklist | C5: local seo checklist | D5: Blog Post | E5: 1800 | F5: Partner 1 | G5: Published | H5: 2026-08-14 | I5: https://... | K5: Site | L5: Published | M5: In Pipeline
A6: badassbacklinks.com | B6: How to Vet a Backlink Vendor | C6: buy backlinks safely | D6: Blog Post | E6: 2200 | F6: Partner 2 | G6: Draft | K6: crownseoagency.com | L6: =COUNTIFS($A$5:$A$104,K6,$G$5:$G$104,"Published") | M6: =COUNTIFS($A$5:$A$104,K6)-COUNTIFS($A$5:$A$104,K6,$G$5:$G$104,"Published")
A7: crownseoagency.com | B7: Services — SEO Audits | C7: seo audit service | D7: Landing Page | E7: 900 | F7: Partner 3 | G7: Idea | K7: badassbacklinks.com | L7: =COUNTIFS($A$5:$A$104,K7,$G$5:$G$104,"Published") | M7: =COUNTIFS($A$5:$A$104,K7)-COUNTIFS($A$5:$A$104,K7,$G$5:$G$104,"Published")

Sheet Content Distribution
A1: Content Distribution & Repurposing
A2: Every place a piece gets shared or reshaped. One article should spawn many rows here.
A4: Source Content | B4: Site | C4: Channel / Platform | D4: Format | E4: Owner | F4: Status | G4: Date | H4: Link / URL | J4: PUBLISHED BY CHANNEL
A5: The 2026 Local SEO Checklist | B5: crownseoagency.com | C5: LinkedIn | D5: Social Post | E5: Partner 1 | F5: Published | G5: 2026-08-15 | H5: https://... | J5: Channel | K5: Published
A6: The 2026 Local SEO Checklist | B6: crownseoagency.com | C6: X (Twitter) | D6: Thread | E6: Partner 1 | F6: Scheduled | G6: 2026-08-17 | J6: LinkedIn | K6: =COUNTIFS($C$5:$C$106,"LinkedIn",$F$5:$F$106,"Published")
A7: The 2026 Local SEO Checklist | B7: crownseoagency.com | C7: YouTube | D7: Short Video | E7: Partner 3 | F7: Planned | J7: X (Twitter) | K7: =COUNTIFS($C$5:$C$106,"X (Twitter)",$F$5:$F$106,"Published")
A8: How to Vet a Backlink Vendor | B8: badassbacklinks.com | C8: Newsletter | D8: Email | E8: Partner 2 | F8: Planned | J8: Facebook | K8: =COUNTIFS($C$5:$C$106,"Facebook",$F$5:$F$106,"Published")
A9: How to Vet a Backlink Vendor | B9: badassbacklinks.com | C9: Reddit | D9: Repurposed Article | E9: Partner 2 | F9: Planned | J9: Instagram | K9: =COUNTIFS($C$5:$C$106,"Instagram",$F$5:$F$106,"Published")
J10: Reddit | K10: =COUNTIFS($C$5:$C$106,"Reddit",$F$5:$F$106,"Published")
J11: Newsletter | K11: =COUNTIFS($C$5:$C$106,"Newsletter",$F$5:$F$106,"Published")
J12: Medium | K12: =COUNTIFS($C$5:$C$106,"Medium",$F$5:$F$106,"Published")
J13: YouTube | K13: =COUNTIFS($C$5:$C$106,"YouTube",$F$5:$F$106,"Published")

Sheet Results Dashboard
A1: Results Dashboard
A2: Monthly outcomes per site. Pull numbers from Google Search Console / Analytics on the 1st.
A4: Month | B4: Site | C4: Organic Clicks | D4: Impressions | E4: Avg Position | F4: Live Backlinks | G4: Keywords Top 10 | H4: Leads / Conversions | I4: Notes
A5: 2026-07 | B5: crownseoagency.com | C5: 420 | D5: 18500 | E5: 22.4 | F5: 34 | G5: 6 | H5: 8 | I5: Baseline month
A6: 2026-07 | B6: badassbacklinks.com | C6: 260 | D6: 12100 | E6: 31 | F6: 41 | G6: 3 | H6: 5 | I6: Baseline month
A7: 2026-08 | B7: crownseoagency.com | C7: 610 | D7: 24300 | E7: 18.9 | F7: 39 | G7: 9 | H7: 12 | I7: Content push paying off
A8: 2026-08 | B8: badassbacklinks.com | C8: 340 | D8: 15600 | E8: 27.2 | F8: 47 | G8: 5 | H8: 7 | I8: Link velocity up
A71: Tip: enter Month as text (2026-08) so it sorts cleanly. Fill one row per site per month.
